datetime,trw_high,trw_low,y_hat_high,y_hat_low
2010-06-24 13:30:00,3.814129,3.64413,3.803270584777925,3.6240123543624354
2010-07-06 13:30:00,3.5432980000000005,3.239968,3.6193906508833953,3.5068077756091194
2010-07-12 13:30:00,3.946627,3.823295,3.834262913648759,3.732938595759687
2010-07-13 13:30:00,3.945127,3.818296,3.9877872034413504,3.8273146461706746
2010-07-30 13:30:00,4.244123,4.083293,4.135182140698785,3.9428449495263624
2010-08-02 13:30:00,4.209124,4.101626,4.276668604279217,4.246031122072502
2010-08-06 13:30:00,4.259124,4.163293,4.18582945698199,4.144409675289416
2010-08-09 13:30:00,4.227458,4.052459,4.422331100136852,4.326429837855635
2010-08-11 13:30:00,3.784078,3.6332980000000004,3.996911645497985,3.817810848789528
2010-08-18 13:30:00,3.843295,3.627464,4.048005329492741,3.907346958911418
2010-09-02 13:30:00,3.989127,3.8782940000000004,4.021005213787739,3.959992847782642
2010-09-07 13:30:00,3.9624599999999996,3.854961,4.029759002954528,3.9381388987133286
2010-09-08 13:30:00,4.054125,3.934961,4.15437397625978,4.055515347981644
2010-09-13 13:30:00,4.229957,4.094126,4.250620265724811,4.080796252565799
2010-09-16 13:30:00,4.277457,4.172459,4.344380215411815,4.29831967254441
2010-09-28 13:30:00,4.479113,4.375789,4.535485196983681,4.338441625525935
2010-10-11 13:30:00,4.762452,4.553287999999999,4.813730143373302,4.664589014361021
2010-10-14 13:30:00,4.8824510000000005,4.694953,4.858766758333682,4.708731758463668
2010-10-20 13:30:00,4.95765,4.726619,4.869909181893963,4.76277412166119
2010-11-02 13:30:00,5.097449,4.902451,5.171692943149246,5.022351424439788
2010-11-04 13:30:00,5.468279,5.37078,5.360025658111396,5.221443820129845
2010-11-22 14:30:00,4.982449,4.855785,5.260722699406945,5.118409839486764
2010-11-23 14:30:00,5.142449,5.003282,4.9889338226803694,4.814218495448349
2010-11-30 14:30:00,5.255782,5.122449,4.996371762029196,4.908005748361477
2010-12-08 14:30:00,5.615777,5.499944999999999,5.511461239898812,5.354697609238751
2010-12-09 14:30:00,5.69161,5.573278,5.623366976066046,5.401006061358645
2010-12-17 14:30:00,5.826608,5.703276,5.894900216549814,5.706016830701786
2010-12-30 14:30:00,5.966608,5.893473999999999,6.126183065497646,5.988238066168826
2011-01-11 14:30:00,6.364103,6.262437,6.302185272249791,6.113104655750128
2011-01-20 14:30:00,6.405769,6.264104,6.37144713136413,6.158336814578439
2011-01-25 14:30:00,6.547435,6.420852,6.487107198671081,6.308884762322784
2011-01-27 14:30:00,6.602434,6.181604,6.605763540740787,6.443663117731552
2011-01-31 14:30:00,6.681599,6.459101,6.4406522901757715,6.247387112353143
2011-02-03 14:30:00,6.72235,6.579935000000001,6.78258228161751,6.615722476142769
2011-02-04 14:30:00,6.910763,6.76215,6.868625874992225,6.6916114137710245
2011-02-07 14:30:00,6.946597,6.807432,6.886906301375547,6.701293471043312
2011-02-09 14:30:00,6.926597,6.743266,6.997724581493385,6.775654674798001
2011-02-10 14:30:00,7.0599289999999995,6.824930999999999,6.941097603974335,6.82175108327513
2011-02-11 14:30:00,7.107428,7.009930000000001,7.078846794845028,6.924350837331723
2011-02-18 14:30:00,7.1457619999999995,6.753349000000001,7.259152296535525,7.126951063613898
2011-02-25 14:30:00,7.039096000000001,6.88743,6.890503555823203,6.685893869212612
2011-03-03 14:30:00,7.056595,6.763274000000001,7.12837414290336,6.970012467525368
2011-03-07 14:30:00,6.958264,6.6632679999999995,6.907083591924704,6.655979404295927
2011-03-09 14:30:00,6.6490990000000005,6.464103,6.898658546860028,6.69311755630247
2011-03-14 13:30:00,6.396602,5.9599400000000005,6.606192648977078,6.371787071760175
2011-03-25 13:30:00,6.863264999999999,6.7107660000000005,6.898696772341508,6.698493250458581
2011-03-29 13:30:00,7.058263,6.932430999999999,6.901650039495286,6.713164648240187
2011-03-30 13:30:00,7.039096000000001,6.958264,7.137352386751235,6.876535860361636
2011-03-31 13:30:00,7.166595,7.026597,7.150194011364472,6.875582819034576
2011-04-08 13:30:00,7.1057619999999995,6.8899300000000006,7.1440360606978315,6.9465440257648
2011-04-11 13:30:00,6.868264999999999,6.7107660000000005,7.146204300522039,6.9168822358361215
2011-04-12 13:30:00,6.899931,6.712433,6.929212081064105,6.708388521999396
2011-04-26 13:30:00,7.494925,7.274093,7.407346050911738,7.228896400594994
2011-04-28 13:30:00,7.616391,7.517508,7.560576565476848,7.394287766253439
2011-05-02 13:30:00,7.544841,7.334092,7.645509869556715,7.426269569241836
2011-05-06 13:30:00,7.366592,7.183261999999999,7.317071317131534,7.1214596763203035
2011-05-10 13:30:00,7.474925,7.158728,7.523745945019369,7.364303060373172
2011-05-11 13:30:00,7.404093,7.087028999999999,7.314050776579226,7.133766819941778
2011-05-19 13:30:00,7.249095,7.0582460000000005,7.317071317131534,7.142358794202506
2011-05-20 13:30:00,6.91743,6.780931,7.212202234272802,7.032706258585985
2011-05-26 13:30:00,7.154096000000001,7.050763000000001,7.096149994717423,6.8801089629817564
2011-05-27 13:30:00,7.316594,7.1457619999999995,7.164954977012462,7.038135318703771
2011-06-01 13:30:00,6.891597999999999,6.6891,7.024371715361629,6.648326789716908
2011-06-08 13:30:00,6.491601,6.284937,6.43808913850214,6.166187032583309
2011-06-10 13:30:00,6.233271,6.054105,6.326463477035266,6.068412624376886
2011-06-17 13:30:00,6.257446,6.067439,6.256673593273428,6.083800789117841
2011-07-06 13:30:00,7.474842999999999,7.347009,7.250317301455568,7.101285461200421
2011-07-07 13:30:00,7.271592999999999,7.095762,7.405201142399435,7.340077896378185
2011-07-12 13:30:00,7.049930000000001,6.791599000000001,6.902925096666677,6.681951578540916
2011-07-21 13:30:00,7.2607610000000005,7.104096000000001,7.257318680997898,7.04059728755311
2011-07-22 13:30:00,7.217428,7.004097,7.257318680997898,7.05251679777661
2011-07-25 13:30:00,7.1232619999999995,6.977264,7.153972951453259,7.004363489453293
2011-08-01 13:30:00,6.275771,5.805775,6.381117131676605,6.050504893869047
2011-08-03 13:30:00,5.67411,5.015783,5.918856224085247,5.663474197661077
2011-08-04 13:30:00,5.260781,4.579955,5.286256002983371,4.979872498854989
2011-08-10 13:30:00,4.666737,4.013293,4.2761721787391105,3.863782350399
2011-08-16 13:30:00,4.942451,4.63912,4.844503301286821,4.5432873841611086
2011-08-26 13:30:00,4.883285,4.64162,4.49288961622576,4.117975738316757
2011-08-31 13:30:00,5.1291150000000005,4.800219,5.039180533257463,4.772105051909523
2011-09-06 13:30:00,4.729119,4.503287,4.415382831801809,4.115078920507833
2011-09-07 13:30:00,4.800784999999999,4.539955,4.771484317840024,4.4679414542539355
2011-09-09 13:30:00,4.2966239999999996,4.0041269999999995,4.472866131457286,4.1294193664771734
2011-09-21 13:30:00,4.037218,3.713214,4.737799508239771,4.337577029687125
2011-10-03 13:30:00,3.7716279999999998,3.269968,3.945228327999702,3.759613783322188
2011-10-05 13:30:00,4.208291,3.874129,4.141349063053461,3.9003713570739573
2011-10-07 13:30:00,4.510788,4.28329,4.275279400946869,3.984024061542778
2011-10-17 13:30:00,4.94995,4.454122,4.847215862804783,4.553151695961712
2011-10-20 13:30:00,5.018283,4.854118,4.830076434483729,4.575765620065993
2011-10-21 13:30:00,5.247448,5.014117,5.171911280257222,4.910676693484308
2011-11-01 13:30:00,5.028283,4.833285,4.860443244456388,4.658484130254522
2011-11-09 14:30:00,5.04745,4.8132839999999995,4.954040949165655,4.704822215707866
2011-11-10 14:30:00,5.28578,5.134115,5.008876422928894,4.7963357744113
2011-12-02 14:30:00,5.2482809999999995,5.041616,5.168763539348407,4.98923447577641
2011-12-08 14:30:00,5.114949,4.8816180000000005,4.955929224567922,4.70285540897051
2011-12-16 14:30:00,4.7149529999999995,4.4407879999999995,4.835030719694992,4.6797344825436795
2011-12-30 14:30:00,5.400779,5.277447,5.258360049379707,5.074495066709979
2012-01-06 14:30:00,5.389113,5.287447,5.400278641487287,5.2355234181151
2012-01-09 14:30:00,5.572945,5.489112,5.401063668816858,5.259308886769393
2012-01-10 14:30:00,5.550778,5.438362000000001,5.530807501779537,5.366731725460604
2012-01-12 14:30:00,5.4991129999999995,5.3407800000000005,5.575196962356445,5.38350639811453
2012-01-19 14:30:00,5.835775,5.760776,5.955709534977944,5.776151563502152
2012-01-23 14:30:00,5.839942,5.708276000000001,6.060814214079489,5.830412879597095
2012-01-27 14:30:00,5.855775,5.667441999999999,6.072706209502664,5.90825507872672
2012-01-31 14:30:00,6.083273,5.941607,6.0057161897869795,5.748818804214441
2012-02-06 14:30:00,6.356537,6.168337999999999,6.353879332689112,6.233035132026415
2012-02-10 14:30:00,6.4182690000000004,6.311604,6.365941084066815,6.2003743846309085
2012-02-14 14:30:00,6.470768,6.255772,6.454151483583807,6.2840378997456225
2012-02-15 14:30:00,6.525768,6.274937,6.432045978822486,6.220300425955222
2012-02-17 14:30:00,6.6366,6.489935,6.615456057537802,6.456957327271146
2012-02-23 14:30:00,6.660766000000001,6.579935000000001,6.605763540740787,6.454035498680462
2012-02-27 14:30:00,6.7166,6.610100999999999,6.69811464720707,6.633363864828501
2012-03-01 14:30:00,6.737433,6.604617,6.868625874992225,6.714929121020541
2012-03-05 14:30:00,6.36327,6.208271,6.645086784121288,6.444967902956223
2012-03-12 13:30:00,7.03993,6.747433,6.839863321794446,6.650189483214722
2012-03-21 13:30:00,7.02493,6.897431,7.257243337370258,7.097376334489565
2012-03-27 13:30:00,7.281594,7.02243,7.297523164664648,7.179029576763045
2012-03-29 13:30:00,7.241592999999999,7.088261999999999,7.202408564782694,7.034366219881294
2012-03-30 13:30:00,7.414092999999999,7.134094999999999,7.259152296535525,7.0720572762891285
2012-04-11 13:30:00,6.884931,6.605866000000001,6.699086286201684,6.4005512537086275
2012-04-12 13:30:00,6.822432000000001,6.614934,6.8770525513694585,6.689908294866261
2012-04-20 13:30:00,6.582435,6.4341029999999995,6.886396745729307,6.702516796861234
2012-04-23 13:30:00,6.6891,6.564934,6.61528867692673,6.3959480731097305
2012-04-24 13:30:00,6.922432000000001,6.816599000000001,6.7972449637561585,6.612726358089487
2012-04-26 13:30:00,7.162428,7.009930000000001,7.119766535626737,7.044618353586494
2012-05-01 13:30:00,7.112430000000001,6.9515970000000005,7.265662087514571,7.108905654400873
2012-05-02 13:30:00,7.104921000000001,6.872431,7.146068703657287,7.026952935855516
2012-05-07 13:30:00,6.5391010000000005,6.264112,6.6301625195200975,6.397854072160577
2012-05-15 13:30:00,6.221604,5.983274,6.208340313172443,6.067861069143824
2012-05-17 13:30:00,5.788276000000001,5.511612,5.981307929090612,5.620072377350863
2012-05-18 13:30:00,5.842442,5.559112,5.770266259693219,5.377070811559389
2012-06-01 13:30:00,5.387445,5.166615,5.5245326087308335,5.21930902576554
2012-06-04 13:30:00,5.4441120000000005,5.2541139999999995,5.372884939657931,5.062151162315655
2012-06-05 13:30:00,5.791608999999999,5.526612,5.516824726389854,5.325735495665588
2012-06-18 13:30:00,6.407286,6.224938,6.1781455821332045,5.95939875464665
2012-06-21 13:30:00,6.036606,5.894108,6.090133324970643,5.843965632202073
2012-06-22 13:30:00,5.830775,5.64621,6.087961070124546,5.978394001093493
2012-06-29 13:30:00,6.422437,6.266604,6.4509208511442555,6.309328798885963
2012-07-02 13:30:00,6.538685,6.382436,6.499367397209512,6.380377463556399
2012-07-05 13:30:00,6.296596,6.166605000000001,6.576986980323799,6.373872426403615
2012-07-09 13:30:00,6.35827,6.008274,6.333279833608145,6.155452010901341
2012-07-25 13:30:00,6.361644999999999,6.203263,6.115272246739313,5.9938979671049335
2012-08-08 13:30:00,6.979097,6.869930999999999,7.019377911216514,6.917955628733112
2012-08-22 13:30:00,7.061597,6.905773,7.144878479013259,7.001545274316289
2012-08-23 13:30:00,7.1057619999999995,6.874099,7.129415852030183,6.818983234262896
2012-08-27 13:30:00,7.109096000000001,6.985763,7.139815594475493,6.984481371585319
2012-08-28 13:30:00,7.117429,7.006597,7.139815594475493,6.998102431697837
2012-09-04 13:30:00,7.041596000000001,6.926597,7.139815594475493,6.913273722020779
2012-09-17 13:30:00,7.858255000000001,7.7699229999999995,7.901839024955832,7.741568377600287
2012-09-18 13:30:00,7.914486999999999,7.792421000000001,7.852055841285579,7.723693162807561
2012-10-08 13:30:00,7.7774220000000005,7.538259,7.792315868916082,7.4968540714294765
2012-10-11 13:30:00,7.499925,7.292426,7.6212378600569854,7.369376603458024
2012-10-15 13:30:00,7.765756,7.612425,7.611614107327602,7.359189868772848
2012-10-16 13:30:00,7.874089,7.729922,7.747700561315207,7.363517771825504
2012-10-19 13:30:00,7.4440919999999995,7.229094,7.624318616296667,7.326292622762152
2012-10-26 13:30:00,7.183261999999999,6.983264,7.172485444585617,7.007599101113068
2012-10-31 13:30:00,7.32826,7.108262,7.154596252994048,6.9341515926151756
2012-11-02 13:30:00,7.194095,7.0140970000000005,7.414234922682658,7.162217113463935
2012-11-08 14:30:00,6.768266000000001,6.500767,6.717242899434314,6.449396823360569
2012-11-09 14:30:00,6.678267,6.562434,6.698896321665076,6.4579069485386515
2012-11-13 14:30:00,6.623267,6.226604,6.628256775047768,6.44816900247303
2012-11-14 14:30:00,6.345769000000001,6.164105,6.439674382623158,6.212866009546067
2012-11-30 14:30:00,7.262427000000001,7.023263,7.27828881736973,7.151219446931308
2012-12-07 14:30:00,7.241592999999999,7.142428999999999,7.302480085390321,7.1294044494563735
2012-12-17 14:30:00,7.649914999999999,7.384925999999999,7.474716729158146,7.293430642995854
2012-12-21 14:30:00,7.341594000000001,7.286594,7.476293665591539,7.247049591349438
2012-12-26 14:30:00,7.2615940000000005,6.938231,7.398988934503782,7.22400500795822
2012-12-27 14:30:00,7.164086,6.934931,7.426274530228621,7.266754526952138
2012-12-28 14:30:00,7.325760000000001,6.879931,7.210529377066479,7.061414913419583
2013-01-03 14:30:00,7.951587,7.802422,7.933958317987355,7.8410233982201
2013-01-08 14:30:00,7.899096000000001,7.794921,7.812601598339855,7.578884400384311
2013-01-15 14:30:00,8.051586,7.946586999999999,8.148250691215368,7.9443977981561
2013-01-24 14:30:00,8.541580999999999,8.414083,8.581259990955697,8.465054495243509
2013-01-28 14:30:00,8.642414,8.450749,8.581259990955697,8.462032959702922
2013-02-07 14:30:00,8.809078999999999,8.69658,8.738756582874156,8.486174618551955
2013-02-08 14:30:00,8.810744999999999,8.724913,8.874238535169555,8.482535279713508
2013-02-11 14:30:00,8.879078,8.761579,8.906814021646623,8.487528189991934
2013-03-05 14:30:00,9.299082,9.173675999999999,9.287537984686637,9.19030193878569
2013-03-12 13:30:00,9.520738,9.364073,9.587600306426888,9.392283220294685
2013-03-19 13:30:00,9.613237,9.486572,9.458787712472883,9.220085116820295
2013-03-21 13:30:00,9.534905,9.385389,9.496743715809432,9.238194520134641
2013-04-09 13:30:00,10.122503,9.805,9.800265733982627,9.462298195212165
2013-04-19 13:30:00,9.6475,9.322498,9.586665488742717,9.407316644480996
2013-04-23 13:30:00,9.97375,9.830003,9.934536532368618,9.69672881559565
2013-05-02 13:30:00,10.6475,10.490003,10.240938701227446,10.084766107022402
2013-05-09 13:30:00,10.960025,10.77,11.03173432023901,10.77317823992364
2013-05-10 13:30:00,11.025003,10.835,11.087053708062617,10.775928971940035
2013-05-16 13:30:00,11.68,11.4175,11.545745136287659,11.20509080057079
2013-05-20 13:30:00,11.8425,11.572498,11.7570228447873,11.527089248772567
2013-05-30 13:30:00,11.5075,10.88,11.536388926731613,11.177706981761387
2013-05-31 13:30:00,11.125,10.7625,11.05819845952723,10.66141517408613
2013-06-07 13:30:00,11.294998,11.085,11.1893920095253,10.828793409353008
2013-06-13 13:30:00,11.127498,10.775003,11.151499075219062,10.638105337307259
2013-06-17 13:30:00,11.392503,11.1025,11.150055581935613,10.70747958689307
2013-06-24 13:30:00,10.159972999999999,9.84,9.9696368171593,9.598464278940611
2013-07-09 13:30:00,11.4525,11.225025,11.499607369393603,11.300477837492952
2013-07-16 13:30:00,12.015,11.857498,11.97391156434897,11.82956625754175
2013-07-18 13:30:00,12.177503,11.982498,12.213236543994686,11.940291439666261
2013-07-19 13:30:00,12.287498,12.13,12.22363628643999,11.961159378733813
2013-07-31 13:30:00,12.50475,12.3125,12.234010935793338,11.982519671217796
2013-08-05 13:30:00,12.4375,12.185003,12.539485257218796,12.36117591813931
2013-08-06 13:30:00,12.195,12.009998,12.355369513217125,12.164529508803176
2013-08-13 13:30:00,12.267825,12.035028,12.22105148446343,11.992455583478641
2013-08-14 13:30:00,11.755,11.474998,12.144714886811267,11.870850028008622
2013-08-15 13:30:00,11.587503,11.352525,11.615009318729644,11.215177461117312
2013-08-16 13:30:00,11.497503,11.2,11.567314349158643,11.187829933950278
2013-08-20 13:30:00,11.455003,11.077598,11.56116277427761,11.228218458624973
2013-08-27 13:30:00,11.1175,10.8325,11.070050638208027,10.762665646064894
2013-09-03 13:30:00,11.4225,11.044998,11.245363990958351,10.957936415420736
2013-09-13 13:30:00,12.5225,12.265,12.188922433725072,11.97996427501046
2013-09-20 13:30:00,12.56435,12.29,12.855125939788342,12.61658059853944
2013-09-24 13:30:00,12.4075,12.1825,12.430878088728177,12.251099283619194
2013-09-27 13:30:00,12.1025,11.8075,12.266728621593359,11.870522815212729
2013-09-30 13:30:00,12.302503,11.990003,12.185583899029414,11.970503334783906
2013-10-01 13:30:00,12.2375,11.9425,12.266728621593359,11.974765379509659
2013-10-07 13:30:00,11.8842,11.41,11.972281179846453,11.777038645227716
2013-10-22 13:30:00,13.447498000000001,13.2375,13.693581056575958,13.505219163844878
2013-10-23 13:30:00,13.555,13.3625,13.707777451240869,13.405716258449
2013-10-25 13:30:00,13.8075,13.6315,13.762413459369597,13.523728999403819
2013-10-29 13:30:00,14.054975,13.615,14.217259582900716,13.725179772982102
2013-10-30 13:30:00,13.8975,13.5825,14.217966808549011,13.711600631702323
2013-11-05 14:30:00,14.035,13.8125,13.894655764187632,13.719775895547107
2013-11-06 14:30:00,14.0675,13.39,14.22637171326974,13.725991013381178
2013-11-08 14:30:00,14.025,13.88,13.839312530410607,13.619191420987187
2013-11-14 14:30:00,14.6325,14.45525,14.362125048077067,13.935026373809666
2013-11-15 14:30:00,14.7325,14.3725,14.663285014323426,14.187858263377242
2013-11-22 14:30:00,14.8825,14.6912,14.788203503799648,14.577294171790395
2013-12-06 14:30:00,14.985,14.865,14.777692402505346,14.564174300723618
2013-12-10 14:30:00,14.7825,14.2105,14.880227770945838,14.709380460048724
2013-12-24 14:30:00,15.777475,15.6175,15.683373099477514,15.443622788935567
2013-12-30 14:30:00,15.955,15.755,15.889579890984159,15.56764099883545
2014-01-13 14:30:00,15.685,15.235,15.253420673374517,14.85102018869355
2014-01-17 14:30:00,15.9325,15.4925,15.923742710348817,15.582098229164648
2014-02-06 14:30:00,14.6,14.0975,14.114873816058402,13.672929858654179
2014-02-10 14:30:00,15.23,14.6525,14.713026514228613,14.210988844709268
2014-02-11 14:30:00,15.325,15.0525,15.171911862235138,14.69404921619586
2014-02-19 14:30:00,15.7425,15.2675,15.679353265456914,15.24398317475195
2014-02-24 14:30:00,16.0125,15.667525,15.961919652008223,15.547649096566438
2014-02-28 14:30:00,15.9675,15.5275,16.60786315362888,16.066749646363
2014-03-07 14:30:00,16.685,16.3875,16.665841782358374,16.45819674699844
2014-03-26 13:30:00,16.0975,15.725,16.684022125023628,16.100970396154462
2014-03-28 13:30:00,16.6025,16.3925,16.684022125023628,16.165005428464728
2014-03-31 13:30:00,16.8825,16.6475,16.73759204242667,16.113511464603487
2014-04-04 13:30:00,16.3125,15.7151,16.742936122349352,16.13885008932091
2014-04-10 13:30:00,15.5375,15.01,15.79968047573006,15.221613704388243
2014-04-15 13:30:00,16.2225,15.844000000000001,15.98603730502861,15.47290423124541
2014-04-17 13:30:00,16.465,16.2325,16.759277309512655,16.08674739537159
2014-04-21 13:30:00,16.81,16.4775,16.759277309512655,16.072940608837783
2014-04-30 13:30:00,16.915,16.62415,16.786070283133085,16.48971229030857
2014-05-06 13:30:00,16.67,16.1625,16.788568212374102,16.169252888889687
2014-05-09 13:30:00,17.1775,16.8775,16.788568212374102,16.24388879220747
2014-05-16 13:30:00,16.8975,16.5325,16.8123998471501,16.260135108050036
2014-05-19 13:30:00,16.8305,16.4075,16.973698309321577,16.676651760484724
2014-05-21 13:30:00,17.1775,16.885,16.982589771601273,16.648071341074548
2014-06-13 13:30:00,18.4625,18.17,18.493893210214093,17.874315227789833
2014-06-23 13:30:00,19.245,18.6565,19.054775537347062,18.72683109296506
2014-06-27 13:30:00,19.135,18.9575,19.08108184151278,18.69823950052894
2014-07-09 13:30:00,19.3175,18.7825,19.433728401237683,19.00215334174628
2014-07-18 13:30:00,19.48,19.1625,19.721867820329788,19.4066163736802
2014-07-23 13:30:00,19.939075,19.75275,19.833465877809786,19.582664641304092
2014-07-28 13:30:00,19.745,19.305,19.8275949560824,19.41034188484647
2014-07-29 13:30:00,19.5875,19.08,19.352398117195253,18.695354616299063
2014-08-11 13:30:00,18.4295,18.1,18.64949699268359,17.891367636390363
2014-08-12 13:30:00,18.69,18.385,18.575983102207704,18.012163519007157
2014-08-15 13:30:00,19.3775,19.1625,19.07156001104636,18.751923742578796
2014-09-03 13:30:00,20.59,20.0125,20.447567459373655,19.905172326038702
2014-09-12 13:30:00,19.885,19.6075,19.83575727216817,19.557742055200436
2014-09-23 13:30:00,20.25,19.615,19.789597592731937,19.4710822020675
2014-09-25 13:30:00,19.8275,19.2625,19.319382803363965,18.586371695432288
2014-09-26 13:30:00,19.68075,19.13,19.795414847532452,19.52245251319215
2014-09-29 13:30:00,19.8025,19.308,19.813743144951253,19.342387360123674
2014-10-01 13:30:00,18.8375,18.0625,19.236277901375622,18.576468955688373
2014-10-02 13:30:00,19.37,18.845,18.774390597253262,18.35724213939042
2014-10-07 13:30:00,19.325,18.04,18.959847454112957,18.613744595641716
2014-10-09 13:30:00,18.3575,17.4705,19.002906410774926,18.558520223067944
2014-10-14 13:30:00,16.467,15.15,16.949520263633712,16.592862442867208
2014-10-17 13:30:00,17.4025,16.765,17.074519531055465,16.64979920369496
2014-10-20 13:30:00,18.43,17.69025,17.894407685847778,16.943513452160243
2014-10-24 13:30:00,19.25,18.6525,19.13167415895731,18.77627630571782
2014-10-30 13:30:00,20.64,20.3275,20.157617872098644,19.52467999034756
2014-11-03 14:30:00,20.5675,20.1,20.77775941958664,20.331024056561933
2014-11-12 14:30:00,21.56,21.0525,21.56291760754763,21.082381980547257
2014-11-13 14:30:00,21.445,21.215,21.64392628690871,21.082381980547257
2014-11-14 14:30:00,21.4725,21.19075,21.64381492805971,21.105408114964476
2014-11-19 14:30:00,21.8275,21.35,21.698607249233998,21.251508831921264
2014-11-28 14:30:00,22.076725,21.709825,22.378048093483482,22.17606766702012
2014-12-01 14:30:00,22.325,21.84,22.216022221009695,21.600269323178896
2014-12-23 14:30:00,22.88,22.6825,22.94762332260982,22.54890992626318
2015-01-08 14:30:00,22.167475,21.235,22.181776392228116,21.623358658557933
2015-01-14 14:30:00,20.7625,19.8125,20.96484844855584,20.655563679661483
2015-01-22 14:30:00,22.0,21.5875,21.877623440776137,21.086741336153473
2015-01-27 14:30:00,21.4125,20.06,21.463513882523685,20.97702057478159
2015-01-29 14:30:00,20.725,19.8,20.975437972350928,20.21586831116485
2015-02-02 14:30:00,21.515,20.8175,20.91131468130047,20.208967359898107
2015-02-12 14:30:00,23.085,22.7375,23.065773106829006,22.686882206127244
2015-02-13 14:30:00,23.24725,22.85,23.149985327167013,22.87735278938797
2015-02-19 14:30:00,23.5625,22.715,23.386670246971644,22.855235219510853
2015-02-20 14:30:00,23.5425,23.2925,23.622961192591557,23.13175156790167
2015-02-24 14:30:00,23.8775,23.5425,23.801271265387534,23.175075639221212
2015-02-27 14:30:00,23.8009,23.3625,23.566340866726158,23.11883860556912
2015-03-02 14:30:00,23.64475,23.1375,23.78785432191251,23.093335466842248
2015-03-06 14:30:00,22.6875,22.3125,22.52906053176402,22.14181442987823
2015-03-12 13:30:00,22.0625,21.3075,22.231214707924583,21.599564285907558
2015-03-18 13:30:00,23.1151,22.7075,23.348611590488353,22.533455206166767
2015-03-25 13:30:00,22.100125,21.3875,22.383399524934894,21.705682475654864
2015-03-30 13:30:00,22.65,22.0875,23.256428358695043,22.67811413821841
2015-04-08 13:30:00,22.9725,22.3375,22.932176711418474,22.27905023740031
2015-04-09 13:30:00,23.27,22.915,23.20304580122661,22.720067334824172
2015-04-13 13:30:00,23.1375,22.6175,23.28273062439485,22.863569351484568
2015-04-14 13:30:00,23.575,23.22,23.262221094429687,22.85820227915542
2015-04-16 13:30:00,22.97,22.2425,23.579204473727238,23.139768130268433
2015-04-17 13:30:00,23.2925,22.88,22.892127336076772,22.260322306764046
2015-05-05 13:30:00,23.134375,22.097525,23.43435955392315,22.66593618655215
2015-05-08 13:30:00,23.7725,23.313775,23.609683702351912,23.10043659486884
2015-05-19 13:30:00,24.3875,23.9375,24.229305095174457,23.79368762061652
2015-06-03 13:30:00,23.675,22.995,24.041296665179093,23.552392135687256
2015-06-05 13:30:00,23.015,22.5425,23.286181870591108,22.770699293066794
2015-06-10 13:30:00,23.74475,23.454,23.549469820877977,22.823490340031203
2015-06-19 13:30:00,24.2275,23.92,23.844955385328884,23.458280073549364
2015-06-26 13:30:00,22.9575,21.8125,23.599034738218236,23.048683033024272
2015-07-09 13:30:00,22.58,22.12,22.145635275920124,21.55341192481017
2015-07-20 13:30:00,24.135,23.6875,24.236936979398365,23.746710055663826
2015-07-22 13:30:00,23.75,23.13665,23.785958853403823,23.123876262646466
2015-07-31 13:30:00,23.3375,22.7316,23.60492043062396,23.1056324014026
2015-08-04 13:30:00,23.59925,23.0775,23.31918671233987,22.76421516174016
2015-08-07 13:30:00,23.365,22.9425,22.77516134968461,22.07788050563106
2015-08-11 13:30:00,22.855,21.625,23.148672491109156,22.535096264747747
2015-08-12 13:30:00,22.98,22.495,22.9707121864174,22.137145174317908
2015-08-17 13:30:00,23.34475,23.0225,23.330736776989024,22.74433342013038
2015-08-20 13:30:00,20.8125,19.1325,21.79844749419097,20.914417833632626
2015-08-21 13:30:00,18.75,16.0,19.89081618621891,18.517576886067854
2015-08-27 13:30:00,19.5625,19.0075,20.088676351579572,19.049975021313642
2015-08-28 13:30:00,19.3475,18.7425,19.944569066425537,19.37315321558039
2015-09-02 13:30:00,18.945,18.085875,18.355747548973586,17.753301416822207
2015-09-15 13:30:00,19.5475,18.9825,19.113972532308892,18.468817626192042
2015-09-21 13:30:00,18.119975,17.585,18.951117646408818,18.468660334613404
2015-09-22 13:30:00,18.175,17.6875,18.09336551023291,17.631920200509338
2015-09-24 13:30:00,18.25,17.375,18.05659234778605,17.17230974111421
2015-10-22 13:30:00,21.93,21.43,21.279531431797786,20.769854188089155
2015-10-26 13:30:00,21.6405,21.2695,21.603074672298035,21.293214775091457
2015-11-05 14:30:00,22.66425,22.060275,22.763437638260953,22.355613450349065
2015-11-11 14:30:00,21.6075,20.9075,22.156379215858387,21.579957171500524
2015-11-12 14:30:00,20.85,20.1725,21.477602735017765,20.725120472900386
2015-11-13 14:30:00,21.135,20.1005,20.691234951230108,19.75106140231901
2015-11-18 14:30:00,22.1825,21.91,22.122012786835967,21.447196748810047
2015-11-19 14:30:00,22.5125,22.115,22.20490119472564,21.519361736694538
2015-11-30 14:30:00,22.7225,22.1875,22.246546458510128,21.497970722311045
2015-12-01 14:30:00,22.7775,21.88,22.836476807033627,22.36330988727866
2015-12-03 14:30:00,22.39,21.1725,21.617913099797896,20.533921053771817
2015-12-07 14:30:00,21.77,21.06375,22.07816588885404,21.445494769967414
2015-12-09 14:30:00,21.56,20.8625,21.422909001206467,20.467648919435522
2015-12-11 14:30:00,20.1875,19.295075,20.457278162364382,19.360933708752327
2015-12-17 14:30:00,20.46,19.5375,20.986168284138618,20.104368587175642
2015-12-24 14:30:00,21.1375,20.7375,21.650678220719207,21.015481862847455
2015-12-29 14:30:00,21.73945,21.29,21.918794132987422,21.544527451880146
2016-01-07 14:30:00,18.2725,17.1075,18.35840267290554,17.524135966031775
2016-01-15 14:30:00,16.6225,15.63,16.432086803000526,15.658755755422868
2016-01-19 14:30:00,15.9475,14.29585,16.436715965423275,15.637876132274076
2016-01-21 14:30:00,16.755025,16.29,16.12351561951875,15.40316787569823
2016-01-29 14:30:00,17.715,16.975,18.002830443063043,16.920593864242246
2016-02-24 14:30:00,17.815,17.0925,16.95164463699443,16.316762187831202
2016-03-04 14:30:00,19.325,18.8125,19.429339677248038,18.676145745656996
2016-03-07 14:30:00,18.9975,18.5075,19.46410592147907,18.709917435219133
2016-03-21 13:30:00,20.825,20.33,20.780219275618915,20.343126990197263
2016-03-24 13:30:00,20.4,20.0625,20.288360213360725,19.932029918302163
2016-03-30 13:30:00,21.1675,20.84,21.264186977429823,20.76586368497391
2016-04-08 13:30:00,21.0175,20.3725,20.904855732994243,20.34619715682492
2016-04-11 13:30:00,21.0675,20.3175,20.878640622272044,20.34619715682492
2016-04-20 13:30:00,22.3,21.79305,22.40452295314315,22.01810133372503
2016-04-25 13:30:00,22.055575,21.702525,21.703313281738577,21.391544288508527
2016-04-29 13:30:00,21.62,21.0825,21.441793477688588,20.738917716103494
2016-05-02 13:30:00,21.1875,20.72,21.693688562580256,21.241776420984113
2016-05-05 13:30:00,20.86,20.29585,20.914427531322612,20.251586016128666
2016-05-11 13:30:00,21.3675,20.7175,21.64569502254887,20.90631448673339
2016-05-18 13:30:00,20.4375,19.9075,20.92014022499712,20.270663692144087
2016-05-23 13:30:00,21.545,20.9175,20.88217912561413,20.280302975305684
2016-05-25 13:30:00,22.0,21.775,22.203916301694637,21.686337814697335
2016-05-26 13:30:00,22.1575,21.927525,22.193521664351746,21.701689627729976
2016-05-27 13:30:00,22.31,21.835075,22.428287390878033,21.97406775129681
2016-06-02 13:30:00,22.3,21.7175,22.666347718564484,21.9605943253988
2016-06-08 13:30:00,22.781725,22.4525,23.119820547526203,22.680353097060255
2016-06-09 13:30:00,22.337475,21.881999999999998,23.115498762392342,22.66150246760368
2016-06-27 13:30:00,20.1325,19.54,19.64124673664893,18.581948653377374
2016-07-08 13:30:00,23.455,23.1025,23.286033710568727,22.85411952485125
2016-07-20 13:30:00,24.4875,23.99275,24.42498910013543,24.16559907588063
2016-07-26 13:30:00,24.5,23.9375,24.37898257280669,24.002959120959208
2016-07-29 13:30:00,24.61375,24.195,24.765908103248247,24.166372204270335
2016-08-03 13:30:00,24.3075,23.995,24.23689761638828,23.73001735964572
2016-08-04 13:30:00,24.79,24.4075,24.23689761638828,23.61808924624768
2016-08-08 13:30:00,24.97,24.655,24.76893631594037,24.242208990681554
2016-08-11 13:30:00,24.945,24.707275,24.82150171288667,24.342591641670534
2016-08-12 13:30:00,25.215,25.0025,24.82150171288667,24.289368638604913
2016-08-16 13:30:00,24.87975,24.365,24.894215361020958,24.354223607816085
2016-08-17 13:30:00,25.0,24.765875,24.888344439293572,24.397135644963438
2016-08-22 13:30:00,25.2275,24.9925,24.821835664706608,24.33610563843424
2016-08-25 13:30:00,25.0425,24.0825,24.781408535666486,24.280134179028515
2016-09-12 13:30:00,23.62,22.7475,24.37275622344624,23.30561864129769
2016-09-16 13:30:00,23.855,23.25,23.650345997520485,23.105566074952026
2016-09-22 13:30:00,24.5025,24.1725,24.857286463668505,24.401709243606494
2016-09-23 13:30:00,23.945,23.5425,24.50530434566815,24.15292663523654
2016-09-26 13:30:00,24.0875,23.4125,24.1302141602672,23.445534806883803
2016-10-04 13:30:00,24.205,23.9375,24.31803995917811,23.69302594174716
2016-10-06 13:30:00,24.2525,23.55,24.35082173326605,23.72237901976956
2016-10-07 13:30:00,24.38,24.1375,24.375002790134175,23.79726846217946
2016-10-13 13:30:00,23.685,23.145,23.33518291319834,22.80748504951998
2016-10-18 13:30:00,23.65,23.323725,23.55802997576091,23.048503081880494
2016-10-19 13:30:00,23.615,23.15,23.749525414679407,23.107792140814038
2016-10-25 13:30:00,23.565,23.08,23.79511150879182,23.270856133722102
2016-11-01 13:30:00,22.465,21.875,22.781610130812137,21.96935000951963
2016-11-02 13:30:00,22.19,21.635,22.324854959666688,21.646219259564884
2016-11-07 14:30:00,23.6125,22.8325,23.322076807526848,22.809250048856022
2016-11-08 14:30:00,24.37,22.79,23.758444427109154,22.99487758078162
2016-11-18 14:30:00,25.3925,24.9975,25.129444899098992,24.44694776226575
2016-11-28 14:30:00,25.8125,25.3675,25.703046109119324,25.10470789499982
2016-11-30 14:30:00,25.5575,25.020025,26.2424414053543,25.06957706344758
2016-12-05 14:30:00,25.9,25.525,25.709833931402752,25.059711882335435
2016-12-07 14:30:00,27.295,26.784975,26.34081707242417,25.104789971752297
2016-12-08 14:30:00,27.5875,27.175,27.629584296648606,26.59827216253631
2016-12-12 14:30:00,28.2531,27.76,28.128594715957064,27.768560782632743
2016-12-19 14:30:00,28.075,27.8291,28.121410826584277,27.77354195062432
2016-12-27 14:30:00,28.0425,27.2025,28.108469735473633,27.804668554843207
2016-12-30 14:30:00,27.744975,27.05105,27.597605910510833,26.50465751746155
2017-01-04 14:30:00,28.0175,27.616025,28.108469735473633,27.707476514894974
2017-01-09 14:30:00,28.3207,27.7925,28.42008304785426,27.812742041999762
2017-01-10 14:30:00,28.185,27.6375,28.108469735473633,27.600759955972805
2017-01-17 14:30:00,28.05,27.7325,28.232925661397058,27.67846103330175
2017-01-19 14:30:00,28.2325,27.775,28.44545855465924,27.741750400127742
2017-01-24 14:30:00,29.065,28.67,28.139716164006,27.79076276654781
2017-02-13 14:30:00,30.605,29.99,31.1816249274595,29.399765540861548
2017-02-24 14:30:00,31.9725,31.6025,31.997500208968205,31.51271607247851
2017-03-01 14:30:00,32.8875,32.325,32.73778982564992,32.871643647031235
2017-03-15 13:30:00,32.669975,32.225,32.48045357966307,31.62482530676736
2017-03-24 13:30:00,30.91,30.0,31.38621801527392,30.67546477327133
2017-03-27 13:30:00,31.637475,30.62,31.170012303524185,30.65242831418161
2017-03-29 13:30:00,31.93,31.4425,31.85281073976407,31.344900180969468
2017-03-30 13:30:00,31.9062,31.58,31.897555343750856,31.491310468004492
2017-04-17 13:30:00,31.0375,30.482525,31.173418283805148,30.092553499805625
2017-04-20 13:30:00,31.3275,30.87,31.43833619242378,30.106699047071114
2017-04-24 13:30:00,32.7825,32.325,31.576060062861952,31.452017178026683
2017-04-25 13:30:00,33.025,32.545,32.70005548704344,32.450408600143945
2017-04-26 13:30:00,32.78,32.385275,33.168957051652114,32.90098934899635
2017-04-28 13:30:00,32.86,32.4601,32.630991813322034,32.216655372037096
2017-05-02 13:30:00,32.655,32.25,32.710944998788314,32.450408600143945
2017-05-04 13:30:00,33.04,32.64,32.61535531372818,32.20163162808502
2017-05-10 13:30:00,32.98,32.4,33.14277294226479,32.8926532989478
2017-05-11 13:30:00,32.8299,32.6,33.13357603138284,32.89847118512486
2017-05-15 13:30:00,33.42,32.99,33.33760606089703,32.834043485112815
2017-05-17 13:30:00,32.17,31.26,32.55332359218856,31.58268822284399
2017-05-19 13:30:00,32.95,32.59,32.950584493496095,31.703903335115868
2017-05-25 13:30:00,33.841,33.67,33.94690501706952,33.9326236220407
2017-06-01 13:30:00,34.85,34.3259,34.55538644572779,34.14084317778664
2017-06-02 13:30:00,34.827,34.618,34.726896362301304,34.18953476640503
2017-06-08 13:30:00,35.1199,33.82,34.677414075125704,34.26905486629438
2017-06-12 13:30:00,34.94,34.51,34.630891048891364,34.134772081333175
2017-06-13 13:30:00,35.05,34.37,35.092836274871225,34.47231735165372
2017-07-10 13:30:00,34.39,33.6711,34.63988914557951,34.10952589487895
2017-07-25 13:30:00,36.61,36.305,36.62385340134795,36.0803010927729
2017-08-08 13:30:00,36.32,35.77,37.301502388062566,36.59289004136052
2017-08-14 13:30:00,36.13,35.7654,35.95164420433169,35.50188042095666
2017-08-29 13:30:00,35.709,34.98,35.262285240252844,34.11389368673345
2017-09-01 13:30:00,36.2,35.07,36.56030659124613,36.24082643771312
2017-09-08 13:30:00,36.94,36.39,35.699245187886596,35.64871017493516
2017-09-13 13:30:00,37.3819,37.061,37.36602102248306,36.746803707702995
2017-09-26 13:30:00,37.96,37.2484,37.55360208899718,36.60465965917038
2017-09-28 13:30:00,38.3,37.79,38.150167167176924,37.26288307918207
2017-10-04 13:30:00,39.84,39.2572,38.74655263235653,37.872703615817215
2017-10-17 13:30:00,40.39,40.18,40.19943081089522,39.895863680263886
2017-10-19 13:30:00,40.91,40.59,40.478164951932236,39.711900923357895
2017-10-26 13:30:00,41.24,40.44,40.21932416183709,40.14743499400483
2017-10-30 13:30:00,41.02,40.7284,41.38488867301772,40.551042374254315
2017-11-02 13:30:00,41.4999,40.93,41.38488867301772,40.56840440152853
2017-11-21 14:30:00,42.1867,41.91,42.320575840866525,41.50764317810932
2017-11-27 14:30:00,43.5,42.4175,43.00033410941236,41.9942718967646
2017-11-28 14:30:00,43.86,43.15,43.76849648257234,42.70493802215745
2017-12-07 14:30:00,44.75,44.34,44.102415377081215,43.27094206148582
2017-12-14 14:30:00,44.52,43.72,44.02613637786696,43.09764739789687
2017-12-15 14:30:00,45.295,44.99,44.66488181177142,43.962055169933464
2017-12-20 14:30:00,45.059,44.52,44.912672908903374,44.31771934852934
2018-01-02 14:30:00,46.0899,45.25,45.86712474825582,44.67864531885908
2018-01-16 14:30:00,50.91,49.4,49.654627406876436,48.627487517442546
2018-01-26 14:30:00,54.3982,53.301,55.53383782001611,52.60483867458471
2018-02-01 14:30:00,50.861000000000004,48.22,52.056360411438135,50.03633097459942
2018-02-06 14:30:00,46.25,43.91,45.23614979005233,42.1077500766023
2018-02-20 14:30:00,47.02,44.62,46.86168040144132,44.96691050656844
2018-02-22 14:30:00,46.98,45.27,46.072227309076055,44.82609653161592
2018-02-26 14:30:00,49.169,46.78,49.4565063883966,47.97621373627967
2018-03-05 14:30:00,46.11,45.04,45.9646627519686,44.862937652379934
2018-03-13 13:30:00,48.42,46.69,48.315899894116484,45.386310913093325
2018-03-15 13:30:00,47.599,46.96,47.40319123203595,45.32573320758956
2018-03-23 13:30:00,42.318999999999996,39.580999999999996,41.08487139596426,37.29248180795035
2018-03-27 13:30:00,40.92,39.02,42.09009798967182,38.415922328668415
2018-03-28 13:30:00,42.09,39.8193,40.52144105231691,37.7059578551141
2018-03-29 13:30:00,41.12,37.12,42.22606420127245,39.87483995162148
2018-04-02 13:30:00,40.16,38.11,40.37789660479151,37.43785011206366
2018-04-04 13:30:00,42.589,41.4934,41.686871409891296,39.19521867116478
2018-04-10 13:30:00,42.02,40.94,42.25885336418431,40.79844484410428
2018-04-16 13:30:00,44.41,43.38,43.51370396265624,42.41295861967052
2018-04-18 13:30:00,43.94,42.89,44.874899737757644,43.63452289058085
2018-04-20 13:30:00,42.94,41.721000000000004,43.30169688340235,41.144552352406656
2018-04-25 13:30:00,42.54,41.1998,41.47117501654152,39.59494596200904
2018-04-26 13:30:00,42.6,41.7201,42.33588307978079,40.87428945251269
2018-04-30 13:30:00,41.5,40.13,42.5772255477098,40.7219845182102
2018-05-04 13:30:00,42.8,41.91,41.901325438536745,40.23103744699564
2018-05-14 13:30:00,44.48,43.74,45.54898127701158,44.480661278915335
2018-05-15 13:30:00,45.02,44.23,44.85483642451163,44.09126562960122
2018-05-18 13:30:00,45.6,44.93,44.79418556944956,44.10789466466806
2018-05-30 13:30:00,44.76,43.65,45.17232573938704,44.61062990105463
2018-05-31 13:30:00,45.41,44.65,44.285500746032035,43.50773043779199
2018-06-01 13:30:00,46.03,45.58,45.832359849915264,44.666339224598936
2018-06-07 13:30:00,47.53,46.73,47.67090976695894,46.52871841025738
2018-06-12 13:30:00,48.1593,47.305,47.94331739209042,46.68036671607833
2018-06-13 13:30:00,48.06,47.42,47.66667908478274,46.510353553888784
2018-06-14 13:30:00,47.74,46.64,47.85637530203883,46.58623687373335
2018-06-15 13:30:00,47.32,46.4167,47.59024991344047,46.48619185727889
2018-06-26 13:30:00,45.75899999999999,43.47,45.314879387979175,43.94802773067985
2018-06-27 13:30:00,44.7,43.11,44.56016711573814,43.229543748900234
2018-07-05 13:30:00,46.62,45.071000000000005,46.30674833049567,44.82269623076528
2018-07-06 13:30:00,47.69,46.98,46.77293961258616,45.16392479462754
2018-07-23 13:30:00,49.96,48.95,49.622558456447535,49.065687217931966
2018-07-24 13:30:00,50.9146,49.32,50.24694352592605,49.63239748742504
2018-07-25 13:30:00,50.78,50.22,51.101441982747964,49.840227182542975
2018-07-26 13:30:00,50.58,48.76,51.09796765829986,49.82050695918719
2018-07-27 13:30:00,49.44,48.21,50.298593410766294,49.61625904298556
2018-08-01 13:30:00,49.87,48.07,49.57280749039557,49.05438105691233
2018-08-16 13:30:00,51.3,50.14,51.08489098694374,49.628911501396594
2018-08-20 13:30:00,52.2336,51.585,51.603053961255505,51.14041133498048
2018-08-22 13:30:00,52.0,51.19,52.03411037540248,51.26879660113361
2018-08-24 13:30:00,53.59,52.94,52.49761262578175,51.46645214698417
2018-08-29 13:30:00,54.38,53.42,54.98241060829072,54.28595348380535
2018-09-14 13:30:00,53.9499,52.92,54.2409412022755,53.40326656095764
2018-09-17 13:30:00,54.29,53.2,53.523903812472845,52.800843702498234
2018-09-18 13:30:00,54.37,53.88,54.12625807056872,52.9084440943867
2018-09-28 13:30:00,55.59,54.5,54.794147858722205,54.15381819600477
2018-10-08 13:30:00,53.23,52.1021,52.94787245780723,50.08702747418728
2018-10-18 13:30:00,47.64,45.71,46.94158140429531,44.88748468578621
2018-10-19 13:30:00,46.66,45.17,46.73212455650574,44.67419233806526
2018-10-29 13:30:00,41.83,39.5801,42.034185812183836,38.9140706198959
2018-10-30 13:30:00,44.19,42.7601,42.66626611246644,40.28504258828299
2018-11-01 13:30:00,45.17,42.42,45.29052170625182,43.14159894146206
2018-11-08 14:30:00,47.0399,45.48,48.009920666857816,45.55059913034285
2018-11-23 14:30:00,41.04,40.06,39.86766248902519,37.42341840618052
2018-11-27 14:30:00,44.27,41.48,41.8257137145321,40.16797939772681
2018-11-30 14:30:00,47.11,45.6849,45.387280708347134,43.97661100101705
2018-12-10 14:30:00,40.7552,38.37,38.76110042348812,37.33530873553916
2018-12-11 14:30:00,41.2299,39.64,39.80227198834215,37.27877358506681
2018-12-21 14:30:00,29.71,27.48,33.56046714236808,30.552964877532627
2019-01-04 14:30:00,35.02,33.32,33.48846961368204,31.582331448934625
2019-01-14 14:30:00,36.95,35.77,35.98357186328392,35.76698838638477
2019-01-16 14:30:00,38.31,36.63,37.488229414831196,36.731893863100055
2019-01-31 14:30:00,41.35,40.44,41.58534900800354,39.86997311137446
2019-02-04 14:30:00,42.36,41.65,41.84349924270258,40.575319346074124
2019-02-15 14:30:00,44.64,43.64,44.41583072372102,43.75239430595313
2019-02-20 14:30:00,44.4,43.55,44.946461283102146,44.10003462044574
2019-02-28 14:30:00,45.66,44.69,44.797373624535595,44.101004347326906
2019-03-25 13:30:00,46.5823,45.32,45.695792132948576,44.58897650788817
2019-03-27 13:30:00,46.09,45.04,46.00450591935775,44.76181483127989
2019-04-01 13:30:00,48.52,47.94,48.95188478275081,47.85788532807204
2019-04-10 13:30:00,49.79,49.15,50.255358005502906,49.65654583419768
2019-04-11 13:30:00,50.5999,49.98,50.31023358923749,49.6468948904813
2019-04-17 13:30:00,50.45,49.5915,50.23715918074033,49.57447119589869
2019-04-22 13:30:00,51.8983,50.51,51.00753975981317,49.72678941840579
2019-04-30 13:30:00,52.81,51.14,52.33970027416363,51.309402393713754
2019-05-03 13:30:00,51.8599,49.54,52.430999073679146,51.070095164930734
2019-05-14 13:30:00,47.72,45.5515,46.971282766677476,45.45521619156884
2019-05-16 13:30:00,49.11,47.37,49.5626568193946,48.91072695636924
2019-05-17 13:30:00,47.49,46.35,48.36636404479292,46.836882348675886
2019-06-11 13:30:00,49.07,48.35,49.914129410370116,49.323185126948324
2019-06-12 13:30:00,49.42,48.75,49.900606777043464,48.59010464014795
2019-06-13 13:30:00,49.36,48.6,49.94473615897334,49.311259678331865
2019-06-17 13:30:00,51.21,49.9,49.93445754233753,49.144846657904075
2019-06-26 13:30:00,50.77,50.2,50.560934909591666,49.58766021139823
2019-07-05 13:30:00,53.47,52.85,54.60943316187822,53.06451690100347
2019-07-09 13:30:00,54.69,53.69,53.63917845404461,52.43062865344789
2019-07-10 13:30:00,54.66,53.9,54.90329592530346,54.28352127874749
2019-07-23 13:30:00,55.5,54.23,55.1811216287309,54.20356887394625
2019-07-30 13:30:00,55.29,51.971000000000004,55.3887805969155,54.32248331717046
2019-07-31 13:30:00,55.0568,51.36,53.77425293242115,52.11197002090034
2019-08-01 13:30:00,51.39,49.73,52.56746795492595,50.42484913611296
2019-08-19 13:30:00,49.85,48.63,50.73292074395145,49.93421272689859
2019-08-21 13:30:00,50.6361,48.81,50.73292074395145,49.843295910202315
2019-08-30 13:30:00,49.18,47.99,50.60632495728755,49.703169380478094
2019-09-05 13:30:00,52.81,52.1161,52.771666004525095,51.495811439977224
2019-09-11 13:30:00,54.75,53.6791,54.113197144112384,52.633423414953675
2019-09-25 13:30:00,52.88,51.6096,53.35339926038461,52.02632940718868
2019-09-26 13:30:00,52.89,50.67,52.75943218319538,51.37626954515159
2019-10-02 13:30:00,48.87,46.12,48.62600935218548,45.52913335231264
2019-10-03 13:30:00,50.96,49.214,49.777573137783016,47.98942034332225
2019-10-08 13:30:00,49.695,48.6,48.569300780864516,45.89644265427153
2019-10-14 13:30:00,53.49,52.06,52.225669812956475,51.493239226509424
2019-10-15 13:30:00,53.19,52.53,53.5654979031812,52.24097879256165
2019-10-29 13:30:00,55.95,54.5701,55.775110284360935,54.804271937098875
2019-10-31 13:30:00,56.8,56.0196,55.7564069638389,54.441117052496104
2019-11-18 14:30:00,60.38,59.525,60.07331699515849,59.43975908247004
2019-11-21 14:30:00,59.485,58.69,59.77133288372297,58.67875511262489
2019-11-25 14:30:00,61.24,60.55,61.20334669447787,60.26238792777472
2019-12-16 14:30:00,64.55,64.11,65.00879212136878,64.20055046822515
2019-12-30 14:30:00,66.22,64.9911,67.24018854970078,65.80228543696303
2019-12-31 14:30:00,67.91,66.46,66.33118022399991,65.64092749965772
2020-01-03 14:30:00,67.11,65.0661,67.44000611898218,66.25619787979821
2020-01-21 14:30:00,72.82,71.69,72.10002304836812,70.30249467809264
2020-01-22 14:30:00,72.12,70.5,72.22062636928767,70.40200015703306
2020-02-10 14:30:00,75.045,73.53,72.28746368517818,71.05440122556976
2020-02-18 14:30:00,76.33,75.27,74.52348752433004,72.98340883010303
2020-02-19 14:30:00,76.04,72.71,74.02785527934245,71.9596506542253
2020-02-27 14:30:00,50.26,44.61,56.516076488427274,51.23296245288205
2020-03-03 14:30:00,58.28,53.27,55.796361364637974,49.89748948013081
2020-03-04 14:30:00,55.7182,51.0,58.71455771193054,52.8690447408704
2020-03-05 14:30:00,50.4,45.95,55.31791082485309,49.54900965885101
2020-03-06 14:30:00,43.05,37.71,52.89032790630321,47.29369371387301
2020-03-11 13:30:00,34.39,26.76,39.79599771290269,35.96894662608686
2020-03-16 13:30:00,26.74,21.48,28.399772976257342,24.969935121313895
2020-03-25 13:30:00,27.8533,23.98,26.540491673030246,23.100830097828652
2020-03-30 13:30:00,27.9,25.6573,27.572108943330235,24.78418705401184
2020-03-31 13:30:00,24.2,21.91,28.456140820126155,26.43822696844592
2020-04-08 13:30:00,33.01,31.095,31.435926749490836,28.01210653231008
2020-04-14 13:30:00,32.37,30.89,33.879179882134316,32.79054185686812
2020-04-22 13:30:00,33.56,31.78,32.69024727918579,30.218602167795403
2020-04-28 13:30:00,37.45,35.85,35.75106381838906,34.167647400256975
2020-04-30 13:30:00,34.16,32.5,36.874392928174856,35.44696105938248
2020-05-11 13:30:00,37.04,34.15,36.83214075118472,35.9737840948151
2020-05-12 13:30:00,34.39,31.44,36.24873348124718,34.181885931248644
2020-05-13 13:30:00,33.5898,30.58,34.57636397692161,32.86327814510462
2020-05-14 13:30:00,33.99,32.26,33.97696651587831,31.689781977723996
2020-05-21 13:30:00,37.27,36.38,38.00846490247102,36.54459887422987
2020-05-22 13:30:00,39.76,38.4414,37.74390191675929,36.56103157770672
2020-06-04 13:30:00,47.61,45.9,44.49456029796366,42.848791322360505
2020-06-08 13:30:00,48.13,46.77,48.132409502837994,45.16957322133839
2020-06-11 13:30:00,41.765,37.72,41.003449876001056,37.62858237856514
2020-06-12 13:30:00,41.48,36.93,41.75436903875328,39.8327766512794
2020-06-16 13:30:00,43.965,42.52,44.43378197137692,42.66963623925945
2020-06-18 13:30:00,44.501000000000005,41.55,44.27206681260342,42.47477549359752
2020-06-23 13:30:00,42.84,39.34,44.4906030265585,43.277799447951146
2020-06-24 13:30:00,41.57,39.051,41.9086510988058,40.07209532877834
2020-06-26 13:30:00,40.22,38.06,40.24774705076578,37.84809998596838
2020-06-29 13:30:00,42.445,39.93,40.35789816295331,39.03865143263745
2020-06-30 13:30:00,43.14,42.0,42.32234603906893,41.37656918013468
